title,link
งามบุปผาสกุณา_02_ภาค1_พากย์ไทย_(แก้ไข้),https://www.bilibili.tv/th/video/4797729488377344
งามบุปผาสกุณา_24_ภาค2_พากย์ไทย_(จบบบ),https://www.bilibili.tv/th/video/4797525106366464
งามบุปผาสกุณา_23_ภาค2_พากย์ไทย,https://www.bilibili.tv/th/video/4797525066782208
งามบุปผาสกุณา_22_ภาค2_พากย์ไทย,https://www.bilibili.tv/th/video/4797525016712705
งามบุปผาสกุณา_21_ภาค2_พากย์ไทย,https://www.bilibili.tv/th/video/4797524988139008
งามบุปผาสกุณา_20_ภาค2_พากย์ไทย,https://www.bilibili.tv/th/video/4797524578408448
งามบุปผาสกุณา_19_ภาค2_พากย์ไทย,https://www.bilibili.tv/th/video/4797524530698240
งามบุปผาสกุณา_18_ภาค2_พากย์ไทย,https://www.bilibili.tv/th/video/4797524499633664
งามบุปผาสกุณา_17_ภาค2_พากย์ไทย,https://www.bilibili.tv/th/video/4797524127389184
งามบุปผาสกุณา_16_ภาค2_พากย์ไทย,https://www.bilibili.tv/th/video/4797524095539200
งามบุปผาสกุณา_15_ภาค2_พากย์ไทย,https://www.bilibili.tv/th/video/4797523472685056
งามบุปผาสกุณา_14_ภาค2_พากย์ไทย,https://www.bilibili.tv/th/video/4797523450533888
งามบุปผาสกุณา_13_ภาค2_พากย์ไทย,https://www.bilibili.tv/th/video/4797523340170752
งามบุปผาสกุณา_12_ภาค2_พากย์ไทย,https://www.bilibili.tv/th/video/4797519637518336
งามบุปผาสกุณา_11_ภาค2_พากย์ไทย,https://www.bilibili.tv/th/video/4797519564510720
งามบุปผาสกุณา_10_ภาค2_พากย์ไทย,https://www.bilibili.tv/th/video/4797512953763328
งามบุปผาสกุณา_09_ภาค2_พากย์ไทย,https://www.bilibili.tv/th/video/4797512871187968
งามบุปผาสกุณา_08_ภาค2_พากย์ไทย,https://www.bilibili.tv/th/video/4797512623068672
งามบุปผาสกุณา_07_ภาค2_พากย์ไทย,https://www.bilibili.tv/th/video/4797512577062912
งามบุปผาสกุณา_06_ภาค2_พากย์ไทย,https://www.bilibili.tv/th/video/4797510016440320
งามบุปผาสกุณา_05_ภาค2_พากย์ไทย,https://www.bilibili.tv/th/video/4797509957981696
งามบุปผาสกุณา_04_ภาค2_พากย์ไทย,https://www.bilibili.tv/th/video/4797509910664704
งามบุปผาสกุณา_03_ภาค2_พากย์ไทย,https://www.bilibili.tv/th/video/4797509865313792
งามบุปผาสกุณา_02_ภาค2_พากย์ไทย,https://www.bilibili.tv/th/video/4797509574333955
งามบุปผาสกุณา_01_ภาค2_พากย์ไทย,https://www.bilibili.tv/th/video/4797509554935296
งามบุปผาสกุณา_32_ภาค1_พากย์ไทย_(จบบบบ),https://www.bilibili.tv/th/video/4797501795866112
งามบุปผาสกุณา_31_ภาค1_พากย์ไทย,https://www.bilibili.tv/th/video/4797501672003072
งามบุปผาสกุณา_30_ภาค1_พากย์ไทย,https://www.bilibili.tv/th/video/4797501332264960
งามบุปผาสกุณา_29_ภาค1_พากย์ไทย,https://www.bilibili.tv/th/video/4797501180352512
งามบุปผาสกุณา_28_ภาค1_พากย์ไทย,https://www.bilibili.tv/th/video/4797501117568512
งามบุปผาสกุณา_27_ภาค1_พากย์ไทย,https://www.bilibili.tv/th/video/4797499332237312
งามบุปผาสกุณา_26_ภาค1_พากย์ไทย,https://www.bilibili.tv/th/video/4797499266045952
งามบุปผาสกุณา_25_ภาค1_พากย์ไทย,https://www.bilibili.tv/th/video/4797499003770368
งามบุปผาสกุณา_24_ภาค1_พากย์ไทย,https://www.bilibili.tv/th/video/4797498444879873
งามบุปผาสกุณา_23_ภาค1_พากย์ไทย,https://www.bilibili.tv/th/video/4797498360993792
งามบุปผาสกุณา_20_ภาค1_พากย์ไทย,https://www.bilibili.tv/th/video/4797493295060485
งามบุปผาสกุณา_22_ภาค1_พากย์ไทย,https://www.bilibili.tv/th/video/4797493213271552
งามบุปผาสกุณา_21_ภาค1_พากย์ไทย,https://www.bilibili.tv/th/video/4797493183911424
งามบุปผาสกุณา_19_ภาค1_พากย์ไทย,https://www.bilibili.tv/th/video/4797492978653184
งามบุปผาสกุณา_18_ภาค1_พากย์ไทย,https://www.bilibili.tv/th/video/4797492946933248
งามบุปผาสกุณา_17_ภาค1_พากย์ไทย,https://www.bilibili.tv/th/video/4797492924127232
งามบุปผาสกุณา_16_ภาค1_พากย์ไทย,https://www.bilibili.tv/th/video/4797492885198848
งามบุปผาสกุณา_15_ภาค1_พากย์ไทย,https://www.bilibili.tv/th/video/4797492837750784
งามบุปผาสกุณา_14_ภาค1_พากย์ไทย,https://www.bilibili.tv/th/video/4797489130771968
งามบุปผาสกุณา_13_ภาค1_พากย์ไทย,https://www.bilibili.tv/th/video/4797489034434048
งามบุปผาสกุณา_12_ภาค1_พากย์ไทย,https://www.bilibili.tv/th/video/4797488923022848
งามบุปผาสกุณา_11_พากย์ไทย_ภาค1,https://www.bilibili.tv/th/video/4797488476067328
งามบุปผาสกุณา_10_ภาค1_พากย์ไทย,https://www.bilibili.tv/th/video/4797481625589760
งามบุปผาสกุณา_09_ภาค_1_พากย์ไทย,https://www.bilibili.tv/th/video/4797481599768576
งามบุปผาสกุณา_08_ภาค1_พากย์ไทย,https://www.bilibili.tv/th/video/4797481172473856
งามบุปผาสกุณา_07_ภาค_1_พากย์ไทย,https://www.bilibili.tv/th/video/4797481146652672
งามบุปผาสกุณา_06_ภาค1_พากย์ไทย,https://www.bilibili.tv/th/video/4797481116898816
งามบุปผาสกุณา_05_ภาค1_พากย์ไทย,https://www.bilibili.tv/th/video/4797481093437440
งามบุปผาสกุณา_04_ภาค1_พากย์ไทย,https://www.bilibili.tv/th/video/4797481053591552
งามบุปผาสกุณา_03_ภาค1_พากย์ไทย,https://www.bilibili.tv/th/video/4797481026196999
งามบุปผาสกุณา_02_ภาค_1_พากย์ไทย,https://www.bilibili.tv/th/video/4797480990283776
งามบุปผาสกุณา_01_ภาค1_พากย์ไทย,https://www.bilibili.tv/th/video/4797480964855808
